Sample ID,Population,rs12135904,rs4847428,rs6437783,rs4835141,rs35389,rs1986420,rs1726254,rs1679012,rs735480,rs4787645
NA19193,YRI,T_T,A_A,T_T,C_G,G_G,G_G,G_G,C_C,C_C,C_C,1
NA19194,YRI,C_T,A_A,T_T,C_C,G_G,G_G,G_G,C_C,C_C,C_C,1
NA19200,YRI,T_T,A_G,T_T,C_G,G_G,G_G,A_G,C_C,C_C,C_C,1
NA19201,YRI,T_T,A_A,T_T,C_C,G_G,A_G,G_G,C_C,C_C,C_C,1
NA19202,YRI,T_T,A_A,T_T,C_G,G_G,A_G,G_G,C_C,C_C,C_C,1
NA19203,YRI,T_T,A_A,T_T,C_C,A_G,G_G,A_G,C_C,C_C,C_C,1
NA19204,YRI,T_T,A_A,C_T,C_C,G_G,G_G,G_G,C_C,C_C,C_C,1
NA19205,YRI,T_T,A_A,C_T,C_C,G_G,G_G,G_G,C_C,C_C,C_C,1
NA19206,YRI,T_T,A_A,T_T,C_C,A_G,G_G,G_G,C_C,C_C,C_C,1
NA19207,YRI,T_T,A_A,T_T,C_C,G_G,G_G,G_G,C_C,C_C,C_C,1
NA19208,YRI,T_T,A_A,T_T,C_C,A_G,G_G,G_G,C_C,C_C,C_C,1
NA19209,YRI,T_T,A_A,T_T,C_G,A_G,G_G,A_G,C_C,C_C,C_C,1
NA19210,YRI,T_T,A_A,T_T,C_G,G_G,G_G,G_G,C_C,C_C,C_C,1
NA19211,YRI,T_T,A_A,T_T,C_G,A_G,G_G,G_G,C_C,C_C,C_C,1
NA19221,YRI,T_T,A_G,T_T,G_G,G_G,G_G,A_G,C_C,C_C,C_C,1
NA19222,YRI,T_T,A_G,T_T,C_G,G_G,A_G,A_G,C_C,C_C,C_C,1
NA19223,YRI,T_T,A_A,T_T,C_G,G_G,G_G,A_G,C_C,C_C,C_C,
NA19238,YRI,T_T,A_A,C_T,C_C,G_G,G_G,A_G,C_C,C_C,C_C,
NA19239,YRI,T_T,A_A,T_T,C_G,A_G,G_G,G_G,C_C,C_C,C_C,
NA19240,YRI,T_T,A_A,C_T,C_C,A_G,G_G,G_G,C_C,C_C,C_C,
